fdc_id,description,energy_kcal,protein_g,fat_g,carbohydrate_g,caffeine_mg,sugars_g,vitamin_A_ug,thiamin_mg,riboflavin_mg,niacin_mg,pantothenic_acid_mg,vitamin_B6_mg,vitamin_B12_ug,biotin_ug,vitamin_C_mg,choline_mg,vitamin_D_ug,vitamin_E_mg,folic_acid_ug,vitamin_K_ug,calcium_mg,chromium_ug,copper_mg,fluoride_ug,iodine_ug,iron_mg,magnesium_mg,manganese_mg,molybdenum_ug,phosphorus_mg,potassium_mg,selenium_ug,sodium_mg,sulfur_mg,zinc_mg
790991,"Bananas, ripe and slightly ripe, raw",97.0,0.74,0.29,23.0,,,1.0,0.055999999999999994,0.0,0.662,,0.209,,0.0,12.3,,,,,0.1,5.0,,0.10099999999999999,,0.0,0.0,28.0,0.258,,22.0,326.0,0.0,0.0,,0.16
790214,"Flour, rice, white, unenriched",359.0,6.94,1.3,79.8,,,,0.09,0.0,1.25,,0.052000000000000005,,,,,,,,,6.0,,0.209,,,0.22,22.9,0.892,45.5,94.0,75.0,5.3,5.0,,1.19
789890,"Flour, wheat, all-purpose, enriched, bleached",366.0,10.9,1.48,77.3,,,,0.9390000000000001,0.44299999999999995,6.74,,0.066,,,,,,,,,19.0,,0.155,,,5.62,26.7,0.758,37.6,108.0,136.0,15.7,2.0,,0.72
789951,"Flour, wheat, all-purpose, enriched, unbleached",358.0,13.1,1.48,73.2,,,,1.05,0.467,7.07,,0.079,,,,,,,,,21.0,,0.172,,,5.41,33.3,0.875,27.7,115.0,135.0,14.2,4.0,,0.9
790018,"Flour, wheat, all-purpose, unenriched, unbleached",362.0,12.0,1.7,74.6,,,,0.298,0.0,1.59,,0.085,,,,,,,,,22.0,,0.212,,,1.18,36.1,0.8190000000000001,42.6,134.0,150.0,20.1,2.0,,1.15
790085,"Flour, whole wheat, unenriched",370.0,15.1,2.73,71.2,,,,0.504,0.128,5.55,,0.268,,,,,,,,,38.0,,0.452,,,3.86,136.0,3.56,58.5,352.0,376.0,23.6,3.0,,3.24
790146,"Flour, bread, white, enriched, unbleached",363.0,14.3,1.65,72.8,,,,0.953,0.436,6.56,,0.079,,,,,,,,,19.0,,0.19399999999999998,,,5.55,35.9,0.7509999999999999,36.6,124.0,127.0,33.3,3.0,,1.06
789828,"Butter, stick, unsalted",,,81.5,,,,,,,,,,,,,,,,,,14.0,,0.001,,0.0,0.03,1.6,0.0,,19.0,19.0,,10.0,,0.07
790276,"Flour, corn, yellow, fine meal, enriched",364.0,6.2,1.74,80.8,,1.04,,0.662,0.354,5.75,,0.13,,,,,,,,,0.0,,0.08199999999999999,,,4.44,30.1,0.172,16.4,92.0,144.0,8.3,0.0,,0.62
790577,"Onions, red, raw",44.0,0.94,0.1,9.93,,5.76,,,,,,,,0.0,8.1,,,,,,17.0,,0.057999999999999996,,0.0,0.24,11.4,0.11900000000000001,,41.0,197.0,0.5,1.0,,0.17
790646,"Onions, yellow, raw",38.0,0.83,0.05,8.61,,5.82,,,,,,,,0.0,8.2,,,,,,15.0,,0.035,,0.0,0.28,9.0,0.14400000000000002,,34.0,182.0,0.0,1.0,,0.2
790774,"Bananas, overripe, raw",85.0,0.73,0.22,20.1,,,1.0,0.04,0.0,0.57,,0.23399999999999999,,0.0,9.7,,,,,0.2,,,,,,,,,,,,,,,
790508,"Butter, stick, salted",,,82.2,,,0.58,758.0,,0.0,0.0,,0.0,0.0,0.0,,,0.4,0.0,,,21.0,,0.006,,0.0,0.06,1.6,0.005,,22.0,23.0,0.0,524.0,,0.07
746778,"Milk, reduced fat, fluid, 2% milkfat, with added vitamin A and vitamin D",50.0,3.36,1.9,4.9,,4.89,83.0,0.059000000000000004,0.13699999999999998,0.11199999999999999,0.39,0.061,0.55,,,18.2,1.13,0.03,,,126.0,,0.001,,39.6,0.0,12.0,0.001,,103.0,159.0,1.8,39.0,,0.43
746773,"Pears, raw, bartlett (Includes foods for USDA's Food Distribution Program)",57.0,0.38,0.16,15.1,,9.69,1.0,0.012,0.026000000000000002,0.16399999999999998,0.042,0.026000000000000002,,,4.4,,,,,3.8,8.0,,0.07,,,0.17,5.7,0.032,,10.0,87.0,0.2,7.0,,0.07
746774,"Restaurant, Chinese, sweet and sour pork",260.0,8.88,13.6,25.5,,10.3,29.0,0.235,0.10300000000000001,2.11,0.44299999999999995,0.17,0.19,,2.3,32.4,,0.89,,27.8,46.0,,0.06,,,3.07,13.0,0.17300000000000001,,133.0,152.0,9.7,304.0,,1.07
746775,"Salt, table, iodized",,,,,,,,,,,,,,,,,,,,,50.0,,0.0,,5080.0,0.0,0.0,0.032,,0.0,2.0,,38700.0,,0.0
746776,"Milk, nonfat, fluid, with added vitamin A and vitamin D (fat free or skim)",34.0,3.43,0.08,4.92,,5.05,64.0,0.055999999999999994,0.131,0.11800000000000001,0.38799999999999996,0.057999999999999996,0.58,,,18.2,1.1,0.0,,,132.0,,0.002,,35.7,0.0,12.5,0.001,,107.0,167.0,2.0,41.0,,0.45
746777,"Sauce, salsa, ready-to-serve",29.0,1.44,0.19,6.74,,3.81,24.0,0.035,,1.12,0.20199999999999999,0.17600000000000002,,,,,,1.22,,4.2,28.0,,0.065,,,0.42,15.2,0.11,,32.0,258.0,,656.0,,0.2
746781,"Sausage, pork, chorizo, link or ground, cooked, pan-fried",346.0,19.3,28.1,2.63,,,0.0,0.365,0.42,7.06,1.2,0.5539999999999999,1.21,,,97.1,,1.5,,6.0,37.0,,0.13,,,2.34,30.1,0.188,,207.0,435.0,25.9,983.0,,2.19
746779,"Sausage, breakfast sausage, beef, pre-cooked, unprepared",328.0,13.3,28.7,3.37,,1.0,18.0,0.054000000000000006,0.132,2.43,0.322,0.15,1.13,,19.2,38.3,,0.33,,,35.0,,0.075,,,1.55,19.7,0.174,,124.0,263.0,11.6,866.0,,2.14
746780,"Sausage, Italian, pork, mild, cooked, pan-fried",322.0,18.2,26.2,2.15,,1.46,22.0,0.31,0.242,5.73,0.7829999999999999,0.34299999999999997,1.06,,,70.4,,0.8,,0.0,12.0,,0.07400000000000001,,,1.29,18.6,0.033,,145.0,310.0,20.2,766.0,,2.41
746782,"Milk, whole, 3.25% milkfat, with added vitamin D",60.0,3.27,3.2,4.63,,4.81,32.0,0.055999999999999994,0.138,0.105,0.36200000000000004,0.061,0.54,,,17.8,0.96,0.05,,,123.0,,0.001,,37.9,0.0,11.9,0.0,,101.0,150.0,1.9,38.0,,0.42
746783,"Sausage, turkey, breakfast links, mild, raw",169.0,16.7,10.4,0.93,,,,0.047,0.29600000000000004,5.02,0.9520000000000001,0.335,1.2,,,59.6,,0.24,,0.4,32.0,,0.07,,,1.17,18.9,0.035,,178.0,310.0,12.5,599.0,,2.58
746784,"Sugars, granulated",385.0,0.0,0.32,99.6,,99.8,,,,,,,,,,,,,,,1.0,,0.006999999999999999,,,0.05,0.3,0.004,,0.0,2.0,,1.0,,0.01
746771,"Oranges, raw, navels (Includes foods for USDA's Food Distribution Program)",47.0,0.91,0.15,11.8,,8.57,,0.068,0.051,0.425,0.261,0.079,,,59.1,,,,,0.0,43.0,,0.064,,,0.33,10.7,0.028999999999999998,,23.0,166.0,0.0,9.0,,0.11
746772,"Milk, lowfat, fluid, 1% milkfat, with added vitamin A and vitamin D",43.0,3.38,0.95,5.18,,4.96,58.0,0.057,0.14,0.113,0.368,0.06,0.61,,,17.4,1.06,0.02,,,126.0,,0.001,,36.2,0.0,12.0,0.0,,103.0,159.0,2.1,39.0,,0.43
746765,"Cheese, dry white, queso seco",326.0,24.5,24.3,2.07,,0.43,226.0,0.038,0.23,0.083,0.39799999999999996,0.091,1.7,,,18.4,1.83,0.49,,1.6,661.0,,0.027000000000000003,,,0.18,26.7,0.018000000000000002,,475.0,116.0,22.4,1810.0,,3.28
746770,"Melons, cantaloupe, raw",34.0,0.82,0.18,8.16,,7.88,232.0,0.049,0.027000000000000003,0.6940000000000001,0.085,0.04,,,10.9,,,,,2.7,9.0,,0.085,,,0.38,13.0,0.046,,17.0,157.0,1.7,30.0,,0.44
746769,"Lettuce, cos or romaine, raw",17.0,1.24,0.26,3.24,,1.19,436.0,0.079,0.07200000000000001,0.32299999999999995,0.145,0.078,,,4.6,,,0.14,,102.0,35.0,,0.048,,,0.95,13.7,0.127,,30.0,253.0,0.4,,,0.25
746768,"Figs, dried, uncooked",249.0,3.3,0.92,63.9,,47.9,0.0,0.085,0.08199999999999999,0.619,0.434,0.106,,,1.2,,,0.36,,15.6,162.0,,0.287,,,2.03,67.6,0.51,,67.0,680.0,0.6,10.0,,0.66
746767,"Cheese, swiss",393.0,27.0,31.0,1.44,,0.0,292.0,0.011000000000000001,0.303,0.06,0.35200000000000004,0.07,3.02,,,13.8,0.0,0.6,,1.4,890.0,,0.047,,,0.13,33.4,0.027000000000000003,,574.0,71.0,30.1,185.0,,4.37
746766,"Cheese, ricotta, whole milk",157.0,7.81,11.0,6.86,,,127.0,0.043,0.327,0.168,0.6729999999999999,0.099,0.78,,,,,0.27,,0.6,224.0,,0.0,,,0.1,19.7,0.0,,162.0,230.0,5.5,105.0,,0.56
746952,"Ham, sliced, restaurant",121.0,19.6,3.68,2.36,,2.2,,,,,,,,,,,,,,,6.0,,0.040999999999999995,,,0.86,20.3,0.015,,246.0,484.0,,1030.0,,1.76
746764,"Carrots, frozen, unprepared (Includes foods for USDA's Food Distribution Program)",37.0,0.81,0.47,7.92,,4.2,,0.039,0.047,0.465,0.196,0.08800000000000001,,,2.2,,,0.69,,15.0,33.0,,0.08,,,0.43,10.8,0.14300000000000002,,31.0,210.0,,66.0,,0.28
746763,"Beef, short loin, t-bone steak, bone-in, separable lean only, trimmed to 1/8"" fat, choice, cooked, grilled",219.0,27.3,11.4,0.0,,,,,0.27,6.37,,0.753,1.88,,,,,,,,19.0,,0.078,,,3.53,20.0,0.003,,211.0,283.0,29.7,67.0,,4.69
746762,"Beef, short loin, porterhouse steak, separable lean only, trimmed to 1/8"" fat, select, raw",145.0,22.7,5.32,0.0,,,,,0.23,5.32,,0.7509999999999999,1.98,,,,,,,,19.0,,0.075,,,2.26,10.7,0.003,,200.0,266.0,21.4,43.0,,3.52
746761,"Beef, round, top round roast, boneless, separable lean only, trimmed to 0"" fat, select, raw",123.0,23.7,2.41,0.0,,,,0.064,0.25,6.16,0.37,0.626,1.62,,,64.1,0.0,0.21,,,13.0,,0.047,,,2.34,11.9,0.003,,220.0,316.0,22.7,55.0,,3.54
746760,"Beef, round, eye of round roast, boneless, separable lean only, trimmed to 0"" fat, select, raw",122.0,23.4,2.48,0.0,,,,,0.185,6.58,,0.638,2.06,,,,,,,,13.0,,0.035,,,1.37,11.4,0.002,,222.0,312.0,22.2,50.0,,3.38
746759,"Beef, loin, top loin steak, boneless, lip-on, separable lean only, trimmed to 1/8"" fat, choice, raw",155.0,22.8,6.39,0.0,,,,0.053,0.20199999999999999,6.88,0.36,0.575,1.72,,,56.3,0.0,0.25,,,15.0,,0.043,,,1.9,11.3,0.002,,206.0,282.0,21.3,45.0,,3.76
746758,"Beef, loin, tenderloin roast, separable lean only, boneless, trimmed to 0"" fat, select, cooked, roasted",176.0,27.7,6.36,0.0,,,,,0.4,5.76,,0.67,4.21,,,,,,,,13.0,,0.09699999999999999,,,3.04,13.7,0.008,,259.0,352.0,25.4,54.0,,3.7
746785,"Turkey, ground, 93% lean, 7% fat, pan-broiled crumbles",220.0,27.1,11.6,0.0,,,30.0,0.08800000000000001,0.262,8.09,1.4,0.49700000000000005,1.9,,,78.7,,0.18,,,31.0,,0.166,,,1.56,29.1,0.01,,259.0,304.0,28.4,90.0,,3.77
747431,"Beans, Dry, Red (0% moisture)",,21.3,1.16,,,,,,,,,,,,,,,,,,148.0,,0.9590000000000001,,,5.05,152.0,1.93,488.0,380.0,1540.0,,,204.0,2.84
747429,"Cheese, American, restaurant",375.0,17.5,31.1,6.35,,3.76,,,,,,,,,,,,,,,508.0,,0.042,,54.1,0.24,25.0,0.018000000000000002,,380.0,173.0,,1600.0,,2.45
747444,"Beans, Dry, Black (0% moisture)",,24.4,1.45,,,,,,,,,,,,,,,,,,191.0,,1.12,,,5.34,180.0,2.08,920.0,522.0,1540.0,,,244.0,3.37
749420,"Pork, cured, bacon, cooked, restaurant",500.0,40.9,36.5,2.1,,3.14,,,,,,,,,,,,,,,13.0,,0.13,,,1.28,36.5,0.02,,415.0,557.0,,1830.0,,3.56
748967,"Eggs, Grade A, Large, egg whole",148.0,12.4,9.96,0.96,,0.2,180.0,0.077,0.419,0.0,,0.063,1.02,,,335.0,2.46,,,,48.0,,0.0,,49.1,1.67,11.4,0.0,,184.0,132.0,31.1,129.0,,1.24
748608,"Oil, olive, extra virgin",,,,,,,,,,,,,,,,,,,,,,,,,,,,,,,,,,,
748366,"Oil, soybean",,,,,,,,,,,,,,,,,,12.2,,,,,,,,,,,,,,,,,
748323,"Oil, corn",,,,,,,,,,,,,,,,,,22.6,,,,,,,,,,,,,,,,,
748278,"Oil, canola",,,,,,,,,,,,,,,,,,17.3,,,,,,,,,,,,,,,,,
748236,"Eggs, Grade A, Large, egg yolk",334.0,16.2,28.8,1.02,,,,,0.467,,,,,45.9,,,,5.64,,,,,,,,,,,,,,55.8,,,
747997,"Eggs, Grade A, Large, egg white",55.0,10.7,0.0,2.36,,,,,0.391,,,,,,,,,,,,,,,,,,,,,,,17.9,,,
747693,"Ketchup, restaurant",117.0,1.11,0.55,26.8,,21.8,,,,,,,,,,,,,,,14.0,,0.066,,,0.43,13.5,0.086,,25.0,249.0,,949.0,,0.16
747430,"Beans, Dry, Medium Red (0% moisture)",,25.5,1.04,,,,,,,,,,,,,,,,,,193.0,,1.04,,,6.27,178.0,2.05,468.0,548.0,1490.0,,,232.0,3.82
747447,"Broccoli, raw",31.0,2.57,0.34,6.27,,1.4,8.0,0.077,0.114,0.639,0.61,0.191,,,91.3,,,0.15,,102.0,46.0,,0.059000000000000004,,,0.69,21.0,0.19699999999999998,,67.0,303.0,1.6,36.0,,0.42
747446,"Beans, Dry, Great Northern (0% moisture)",,24.7,1.24,,,,,,,,,,,,,,,,,,192.0,,1.08,,,5.48,176.0,1.9,557.0,519.0,1520.0,,,227.0,3.45
747445,"Beans, Dry, Pinto (0% moisture)",,23.7,1.24,,,,,,,,,,,,,,,,,,161.0,,0.978,,,5.4,170.0,1.78,515.0,507.0,1510.0,,,219.0,3.43
747448,"Strawberries, raw",31.0,0.64,0.22,7.63,,5.34,1.0,0.025,0.016,0.386,0.122,0.035,,,56.0,,,,,2.1,12.0,,0.11900000000000001,,,0.28,11.8,0.28,,20.0,89.0,0.4,10.0,,0.18
747443,"Beans, Dry, Small Red (0% moisture)",,23.5,1.28,,,,,,,,,,,,,,,,,,149.0,,0.968,,,4.95,167.0,1.76,613.0,493.0,1520.0,,,217.0,3.23
747436,"Beans, Dry, Carioca (0% moisture)",,25.2,1.44,,,,,,,,,,,,,,,,,,194.0,,1.04,,,5.87,179.0,1.93,962.0,535.0,1390.0,,,257.0,3.36
747442,"Beans, Dry, Small White (0% moisture)",,24.5,1.32,,,,,,,,,,,,,,,,,,236.0,,1.05,,,4.93,182.0,2.07,871.0,533.0,1540.0,,,241.0,3.54
747433,"Beans, Dry, Brown (0% moisture)",,25.6,1.12,,,,,,,,,,,,,,,,,,158.0,,1.03,,,4.7,158.0,1.87,1150.0,543.0,1580.0,,,254.0,3.71
747434,"Beans, Dry, Tan (0% moisture)",,26.8,1.14,,,,,,,,,,,,,,,,,,178.0,,1.1,,,5.85,198.0,2.16,804.0,555.0,1620.0,,,262.0,3.5
747435,"Beans, Dry, Light Tan (0% moisture)",,24.6,1.28,,,,,,,,,,,,,,,,,,98.0,,0.932,,,7.29,178.0,1.69,534.0,571.0,1230.0,,,228.0,3.23
747432,"Beans, Dry, Flor de Mayo (0% moisture)",,23.3,0.86,,,,,,,,,,,,,,,,,,180.0,,0.8640000000000001,,,4.47,182.0,1.7,340.0,439.0,1490.0,,,212.0,3.42
747437,"Beans, Dry, Cranberry (0% moisture)",,24.4,1.23,,,,,,,,,,,,,,,,,,152.0,,0.757,,,5.26,166.0,1.78,672.0,487.0,1340.0,,,198.0,3.03
747438,"Beans, Dry, Light Red Kidney (0% moisture)",,25.0,1.03,,,,,,,,,,,,,,,,,,103.0,,0.7859999999999999,,,6.95,158.0,1.52,384.0,549.0,1540.0,,,211.0,3.5
747439,"Beans, Dry, Pink (0% moisture)",,23.4,1.2,,,,,,,,,,,,,,,,,,137.0,,0.9470000000000001,,,5.46,164.0,1.7,607.0,491.0,1490.0,,,219.0,3.26
747440,"Beans, Dry, Dark Red Kidney (0% moisture)",,25.9,1.31,,,,,,,,,,,,,,,,,,98.0,,0.865,,,6.58,164.0,1.67,572.0,612.0,1490.0,,,241.0,3.29
747441,"Beans, Dry, Navy (0% moisture)",,24.1,1.51,,,,,,,,,,,,,,,,,,229.0,,1.14,,,5.29,180.0,2.22,840.0,523.0,1470.0,,,244.0,3.31
321358,"Hummus, commercial",229.0,7.35,17.1,14.9,,0.34,1.0,0.15,0.115,0.948,0.318,0.14300000000000002,,,0.0,46.6,,1.74,,17.2,41.0,,0.348,,,2.41,71.1,1.06,,166.0,289.0,16.2,438.0,,1.38
328637,"Cheese, cheddar (Includes foods for USDA's Food Distribution Program)",408.0,23.3,34.0,2.44,,0.33,316.0,0.028999999999999998,0.441,0.052000000000000005,0.413,0.069,1.06,,,,,0.75,,2.4,707.0,,0.033,,,0.16,26.8,0.026000000000000002,,458.0,77.0,28.3,654.0,,3.67
325198,"Cheese, pasteurized process, American, vitamin D fortified",366.0,18.0,30.6,5.27,,2.63,300.0,0.015,0.247,0.095,0.415,0.055999999999999994,1.45,,,19.2,7.5,0.79,,3.2,866.0,,0.046,,,0.48,25.1,0.038,,540.0,149.0,20.4,1660.0,,2.42
325287,"Grapefruit juice, white, canned or bottled, unsweetened",37.0,0.55,0.7,7.59,,7.72,,0.062,0.02,0.253,0.28,0.0,,,39.4,,,0.22,,,16.0,,0.032,,,0.07,9.6,0.02,,17.0,141.0,,1.0,,0.04
325430,"Peaches, yellow, raw",42.0,0.91,0.27,10.1,,8.39,24.0,0.024,0.031,0.8059999999999999,0.153,0.025,,,4.1,,,,,3.0,4.0,,0.078,,,0.34,8.0,0.026000000000000002,,22.0,122.0,2.1,13.0,,0.23
325524,"Seeds, sunflower seed kernels, dry roasted, with salt added",612.0,21.0,56.1,17.1,,3.14,1.0,0.473,0.507,6.96,0.84,0.76,,,0.0,52.0,,19.6,,1.2,78.0,,1.83,,,5.21,358.0,2.89,,750.0,689.0,80.4,532.0,,6.0
325871,"Bread, white, commercially prepared (includes soft bread crumbs)",270.0,9.43,3.59,49.2,,5.34,,0.507,0.24,4.76,0.5479999999999999,0.092,,,,,,,,,211.0,,0.124,,,3.36,26.9,0.632,,113.0,117.0,23.2,477.0,,0.88
326196,"Kale, frozen, cooked, boiled, drained, without salt",36.0,2.94,1.21,5.3,,1.12,146.0,0.063,0.14,0.457,0.17,0.063,,,17.8,,,1.61,,418.0,150.0,,0.067,,,0.84,25.0,0.542,,42.0,144.0,,16.0,,0.27
326698,"Mustard, prepared, yellow",61.0,4.25,3.38,5.3,,1.42,4.0,0.18899999999999997,0.066,0.561,0.263,0.069,,,0.4,,,0.35,,1.5,63.0,,0.07400000000000001,,,1.59,47.7,0.42,,108.0,150.0,34.0,1100.0,,0.64
327046,"Kiwifruit, green, raw",58.0,1.06,0.44,14.0,,8.99,4.0,0.027000000000000003,0.025,0.37,0.20600000000000002,0.061,,,74.7,,,1.3,,40.3,35.0,,0.134,,,0.24,15.7,0.064,,34.0,198.0,0.2,5.0,,0.14
327357,"Nectarines, raw",39.0,1.06,0.28,9.18,,7.89,21.0,0.034,0.027000000000000003,1.12,0.185,0.025,,,2.9,,,0.61,,2.0,2.0,,0.08199999999999999,,,0.3,8.8,0.047,,26.0,131.0,0.0,13.0,,0.21
325036,"Cheese, parmesan, grated",421.0,29.6,28.0,12.4,,0.07,228.0,0.027000000000000003,0.345,0.078,0.457,0.081,1.35,,,14.1,,0.51,,1.7,884.0,,0.04,,,0.45,34.9,0.066,,634.0,184.0,35.0,1750.0,,4.33
324860,"Peanut butter, smooth style, with salt (Includes foods for USDA's Food Distribution Program)",597.0,22.5,51.1,22.3,,10.5,,0.138,0.191,13.3,1.11,0.444,,,,,,9.11,,,49.0,,0.42,,,1.73,169.0,1.68,,339.0,564.0,4.1,429.0,,2.54
324653,"Pickles, cucumber, dill or kosher dill",12.0,0.48,0.43,1.99,,1.28,4.0,0.047,0.057,0.109,0.2,0.034,,,2.1,,,0.12,,16.8,54.0,,0.026000000000000002,,,0.23,7.1,0.055999999999999994,,16.0,112.0,,808.0,,0.11
323121,"Frankfurter, beef, unheated",314.0,11.7,28.0,2.89,,1.26,3.0,0.033,0.154,2.25,0.263,0.13,0.97,,,,,0.51,,,15.0,,0.046,,,1.14,11.5,0.031,,128.0,343.0,,872.0,,2.06
321360,"Tomatoes, grape, raw",27.0,0.83,0.63,5.51,,,0.0,0.075,0.065,0.805,,0.06,,,27.2,9.8,,0.98,,4.2,11.0,,0.057999999999999996,,,0.33,11.9,0.121,,28.0,260.0,,6.0,,0.2
321611,"Beans, snap, green, canned, regular pack, drained solids",21.0,1.04,0.39,4.11,,1.29,,,,,,,,,,,,,,,36.0,,0.040999999999999995,,,0.78,12.7,0.17600000000000002,,23.0,97.0,,282.0,,0.19
323294,"Nuts, almonds, dry roasted, with salt added",620.0,20.4,57.8,16.2,,4.17,2.0,0.079,1.57,3.1,0.237,0.075,,,0.0,60.8,,19.0,,0.0,273.0,,0.87,,,3.17,258.0,2.02,,456.0,684.0,0.0,256.0,,2.8
324317,"Onion rings, breaded, par fried, frozen, prepared, heated in oven",288.0,4.52,14.4,36.3,,4.5,,0.196,0.11599999999999999,1.57,0.302,0.127,,,1.6,10.7,,0.57,,,28.0,,0.081,,,1.14,20.4,0.435,,75.0,135.0,5.6,374.0,,0.59
323505,"Kale, raw",35.0,2.92,1.49,4.42,,0.8,241.0,0.113,0.34700000000000003,1.18,0.37,0.147,,,93.4,,,0.66,,390.0,254.0,,0.053,,,1.6,32.7,0.92,,55.0,348.0,,53.0,,0.39
323604,"Egg, whole, raw, frozen, pasteurized",150.0,12.3,10.3,0.91,,,,,,,,,,,,,2.3,,,,55.0,,0.0,,61.6,1.77,11.2,0.0,,189.0,117.0,,121.0,,1.2
323697,"Egg, white, raw, frozen, pasteurized",48.0,10.1,0.16,0.74,,,,,,,,,,,,,0.0,,,,9.0,,0.0,,0.0,0.18,10.6,0.0,,0.0,130.0,,144.0,,0.02
323793,"Egg, white, dried",376.0,79.9,0.65,6.02,,,,,,,,,,,,,0.0,,,,104.0,,0.0,,34.0,0.0,87.6,0.0,,107.0,959.0,,1250.0,,0.43
328841,"Cheese, cottage, lowfat, 2% milkfat",84.0,11.0,2.3,4.31,,4.1,69.0,0.02,0.23399999999999999,0.09,0.508,0.057,0.42,,,,,0.08,,,103.0,,0.03,,,0.13,8.9,0.015,,148.0,120.0,14.6,321.0,,0.61
329370,"Cheese, mozzarella, low moisture, part-skim",298.0,23.7,20.4,4.44,,1.81,203.0,0.023,0.36,0.10099999999999999,0.415,0.09,1.65,,,13.5,,0.51,,1.3,693.0,,0.035,,,0.2,27.2,0.035,,533.0,116.0,26.7,699.0,,3.62
334536,"Restaurant, Chinese, fried rice, without meat",174.0,3.84,3.19,32.5,,0.62,22.0,,,,,,,,,5.5,0.0,,,,11.0,,0.086,,,0.46,9.7,0.428,,44.0,69.0,,361.0,,0.69
334628,"Restaurant, Latino, tamale, pork",174.0,7.38,9.04,15.8,,0.46,12.0,0.04,0.05,1.29,0.365,0.132,0.12,,,,,0.53,,5.1,75.0,,0.05,,,0.87,26.2,0.18600000000000003,,120.0,152.0,9.8,473.0,,1.2
334720,"Restaurant, Latino, pupusas con frijoles (pupusas, bean)",229.0,5.59,9.01,31.5,,1.3,,0.077,0.03,0.867,0.303,0.172,,,,39.6,,0.36,,7.4,51.0,,0.141,,,1.46,53.6,0.344,,144.0,305.0,7.0,305.0,,0.94
335240,"Bread, whole-wheat, commercially prepared",254.0,12.3,3.55,43.1,,4.41,,0.391,0.166,4.43,0.65,0.21600000000000003,,,,27.2,,2.82,,,163.0,,0.226,,,2.56,76.6,2.18,,212.0,250.0,25.8,450.0,,1.76
334194,"Fish, tuna, light, canned in water, drained solids",90.0,19.0,0.94,0.08,,0.0,,0.03,0.08199999999999999,9.92,0.14800000000000002,0.32,2.57,,,,1.2,,,,18.0,,0.048,,0.0,1.67,22.7,0.019,,137.0,176.0,67.8,219.0,,0.66
333476,"Fish, pollock, raw",56.0,12.3,0.41,0.0,,,3.0,0.03,0.08,0.653,0.237,0.069,1.63,,0.0,,0.2,0.49,,0.0,15.0,,0.031,,,0.22,16.1,0.011000000000000001,,284.0,160.0,15.9,333.0,,0.31
333374,"Fish, haddock, raw",74.0,16.3,0.45,0.0,,,,0.02,0.057,3.36,0.40299999999999997,0.281,1.83,,,,0.5,0.45,,,11.0,,0.021,,,0.17,21.1,0.011000000000000001,,227.0,286.0,25.9,213.0,,0.32
329490,"Egg, whole, dried",575.0,48.1,39.8,1.87,,,,,,,,,,,,,9.7,,,,220.0,,0.0,,274.0,6.97,44.6,0.0,,770.0,468.0,,485.0,,5.02
329596,"Egg, yolk, raw, frozen, pasteurized",296.0,15.6,25.1,0.59,,,,,,,,,,,,,5.8,,,,119.0,,0.0,,177.0,4.13,11.2,0.068,,443.0,102.0,,66.0,,2.93
329716,"Egg, yolk, dried",654.0,34.2,55.5,1.07,,,,,,,,,,,,,15.7,,,,270.0,,0.0,,349.0,9.28,26.0,0.0,,982.0,231.0,,149.0,,7.11
330137,"Yogurt, Greek, plain, nonfat (Includes foods for USDA's Food Distribution Program)",61.0,10.3,0.37,3.64,,3.27,1.0,0.022000000000000002,0.281,0.21100000000000002,0.332,0.064,0.7,,,15.1,0.0,0.01,,0.0,111.0,,0.017,,,0.07,10.7,0.009000000000000001,,136.0,141.0,9.9,36.0,,0.53
330415,"Yogurt, Greek, strawberry, nonfat",83.0,8.06,0.15,12.2,,11.5,0.0,,0.25,0.20800000000000002,0.363,0.05,0.45,,0.2,,1.0,,,,97.0,,0.02,,,0.09,10.4,0.034,,113.0,133.0,9.8,32.0,,0.46
330458,"Oil, coconut",833.0,0.0,99.1,0.84,,,,,,,,,,,,,,0.11,,0.6,1.0,,0.0,,,0.05,0.0,0.0,,0.0,0.0,,0.0,,0.02
331897,"Chicken, broilers or fryers, drumstick, meat only, cooked, braised",156.0,23.9,5.95,0.0,,,7.0,0.08800000000000001,0.18,5.05,1.1,0.37200000000000005,0.41,,,,0.1,0.17,,,12.0,,0.063,,,0.94,22.4,0.018000000000000002,,184.0,239.0,27.9,117.0,,2.54
333281,"Tomatoes, canned, red, ripe, diced",18.0,0.84,0.5,3.32,,2.99,,,,,,,,,,,,,,,30.0,,0.052000000000000005,,,0.57,9.8,0.068,,18.0,198.0,,125.0,,0.12
331960,"Chicken, broiler or fryers, breast, skinless, boneless, meat only, cooked, braised",166.0,32.1,3.24,0.0,,,,0.098,0.187,9.45,1.58,0.9209999999999999,0.2,,,,,0.33,,,6.0,,0.044000000000000004,,,0.49,32.0,0.012,,241.0,343.0,31.9,47.0,,0.96
332282,"Sauce, pasta, spaghetti/marinara, ready-to-serve",45.0,1.41,1.48,8.05,,5.5,32.0,,,,,,,,,,,,,,27.0,,0.081,,,0.78,18.5,0.13699999999999998,,34.0,319.0,,419.0,,0.2
332397,"Ham, sliced, pre-packaged, deli meat (96%fat free, water added)",106.0,16.7,3.73,0.27,,,,,,,,,,,,,,,,,5.0,,0.05,,,0.58,18.8,0.0,,261.0,425.0,,1040.0,,1.52
332791,"Olives, green, Manzanilla, stuffed with pimiento",130.0,1.15,12.9,4.96,,0.0,25.0,0.040999999999999995,0.0,0.10300000000000001,0.0,0.0,,,0.0,1.6,,3.78,,16.6,121.0,,0.107,,,0.31,12.4,0.047,,7.0,43.0,,1620.0,,0.09
333008,"Cookies, oatmeal, soft, with raisins",430.0,5.79,14.3,69.6,,34.8,,0.295,0.218,2.11,0.4,0.07,,,,,,2.69,,17.1,29.0,,0.141,,,2.28,32.4,0.755,,111.0,245.0,6.0,314.0,,0.62
